Model Rank,Accuracy,R2,MSE,RMSE
Logistic,0.85136796,0.8372519,0.027037213,0.16098037
GBM,0.7513278,0.71347266,0.18412219,0.42902645
RF,0.6290006,0.53101194,0.29834265,0.5459437