Measure,Accuracy,R2,MSE,RMSE,Logloss
mean,0.85136796,0.8372519,0.027037213,0.16098037,0.45597854
cv_1_valid,0.8630508,0.8557104,0.016949005,0.13018835,0.11028174
cv_2_valid,0.860198,0.8493847,0.019801982,0.14071952,0.583942
cv_3_valid,0.86165137,0.8508244,0.018348623,0.1354571,0.53373953
cv_4_valid,0.8327559,0.8021331,0.047341004,0.21757989,0.838149
cv_5_valid,0.8391837,0.82820696,0.032745443,0.18095702,0.21378025