Measure,Accuracy,R2,MSE,RMSE,Logloss
mean,0.7513278,0.71347266,0.18412219,0.42902645,0.54143256
cv_1_valid,0.75,0.67669785,0.18266451,0.4273927,0.53236425
cv_2_valid,0.7297297,0.7132008,0.1962739,0.4430281,0.5911302
cv_3_valid,0.76724136,0.7128276,0.17824492,0.4221906,0.5106604
cv_4_valid,0.7281553,0.7262573,0.18510981,0.4302439,0.5438595
cv_5_valid,0.7815126,0.7383798,0.17831782,0.42227694,0.5291483