Measure,Accuracy,R2,MSE,RMSE,Logloss
mean,0.6290006,0.53101194,0.29834265,0.5459437,0.80750304
cv_1_valid,0.65,0.5286417,0.28949255,0.5380451,0.7880556
cv_2_valid,0.6956522,0.5707113,0.27416047,0.5236033,0.7411524
cv_3_valid,0.57731956,0.45647547,0.32753578,0.5723074,0.883391
cv_4_valid,0.5765766,0.54555255,0.31056306,0.55728185,0.842232
cv_5_valid,0.6454545,0.5536785,0.2899614,0.53848064,0.78268415